<?xml version="1.0" encoding="UTF-8" standalone="yes"?>
<app version="1">
  <name>WUP Installer Macnolo</name>
  <coder>M4CN0L0, Yardape8000, Crediar, Dimok</coder>
  <version>1.4</version>
  <release_date>20180118120000</release_date>
  <short_description>Instalador de titulos públicos para WIIU.</short_description>
  <long_description>Esta aplicación homebrew te permite instalar titulos(juegos, actualizaciónes, dlcs) en la NAND o en otro disco duro externo(HDD o USB). Esta version fue modiada primero por dimok789, luego por Yardape8000, y finalmente por M4CN0L0. Fue creada por crediar. Tambien traducido al espanol por M4CN0L0.
  </long_description>
</app>
